{"lr": 0.009998886215193948, "data_time": 0.026597142219543457, "loss": 0.14855205764373144, "decode.loss_ce": 0.10543948784470558, "decode.acc_seg": 30.462646484375, "aux.loss_ce": 0.04311256855726242, "aux.acc_seg": 27.4749755859375, "time": 0.7822225491205851, "iter": 6, "memory": 4546, "step": 6}
{"lr": 0.00997794446709763, "data_time": 0.011201310157775878, "loss": 0.07165328450500966, "decode.loss_ce": 0.04937947541475296, "decode.acc_seg": 77.4383544921875, "aux.loss_ce": 0.022273808903992175, "aux.acc_seg": 81.011962890625, "time": 0.3411299467086792, "iter": 100, "memory": 3774, "step": 100}
{"lr": 0.009955660594668054, "data_time": 0.01191568374633789, "loss": 0.07209857180714607, "decode.loss_ce": 0.05014469642192125, "decode.acc_seg": 81.2164306640625, "aux.loss_ce": 0.021953876502811907, "aux.acc_seg": 69.4976806640625, "time": 0.34233484268188474, "iter": 200, "memory": 3774, "step": 200}
{"lr": 0.009933371122565919, "data_time": 0.010822558403015136, "loss": 0.054386870190501216, "decode.loss_ce": 0.037355484813451766, "decode.acc_seg": 80.16357421875, "aux.loss_ce": 0.017031385470181702, "aux.acc_seg": 76.5594482421875, "time": 0.3248653173446655, "iter": 300, "memory": 3774, "step": 300}
{"lr": 0.009911076035273796, "data_time": 0.009896802902221679, "loss": 0.0671923141926527, "decode.loss_ce": 0.04817076735198498, "decode.acc_seg": 84.1949462890625, "aux.loss_ce": 0.019021546375006436, "aux.acc_seg": 81.9610595703125, "time": 0.328656005859375, "iter": 400, "memory": 3774, "step": 400}
{"aAcc": 80.82, "mIoU": 40.87, "mAcc": 49.99, "data_time": 0.02604642781344327, "time": 0.8224281397732821, "step": 400}
{"lr": 0.0098887753171919, "data_time": 0.011533021926879883, "loss": 0.049318114295601845, "decode.loss_ce": 0.03470193315297365, "decode.acc_seg": 74.6551513671875, "aux.loss_ce": 0.014616180770099163, "aux.acc_seg": 77.1148681640625, "time": 0.3390366792678833, "iter": 500, "memory": 3774, "step": 500}
{"lr": 0.009866468952637547, "data_time": 0.011400651931762696, "loss": 0.05401385650038719, "decode.loss_ce": 0.038814769685268403, "decode.acc_seg": 80.2642822265625, "aux.loss_ce": 0.015199087839573622, "aux.acc_seg": 82.4615478515625, "time": 0.33088743686676025, "iter": 600, "memory": 3774, "step": 600}
{"lr": 0.009844156925844432, "data_time": 0.010734009742736816, "loss": 0.04113501124083996, "decode.loss_ce": 0.028628724068403243, "decode.acc_seg": 89.88037109375, "aux.loss_ce": 0.01250628735870123, "aux.acc_seg": 89.7552490234375, "time": 0.33654534816741943, "iter": 700, "memory": 3774, "step": 700}
{"lr": 0.009821839220962003, "data_time": 0.010657501220703126, "loss": 0.04347846657037735, "decode.loss_ce": 0.03055480681359768, "decode.acc_seg": 82.9864501953125, "aux.loss_ce": 0.012923659663647414, "aux.acc_seg": 82.464599609375, "time": 0.32710325717926025, "iter": 800, "memory": 3774, "step": 800}
{"aAcc": 85.71, "mIoU": 49.29, "mAcc": 57.13, "data_time": 0.006287217140197754, "time": 0.226298987865448, "step": 800}
{"lr": 0.009799515822054777, "data_time": 0.010833311080932616, "loss": 0.04238503463566303, "decode.loss_ce": 0.0292962746694684, "decode.acc_seg": 85.7818603515625, "aux.loss_ce": 0.01308875996619463, "aux.acc_seg": 85.565185546875, "time": 0.3261325120925903, "iter": 900, "memory": 3774, "step": 900}
{"lr": 0.00977718671310168, "data_time": 0.011215877532958985, "loss": 0.04510588869452477, "decode.loss_ce": 0.03131250198930502, "decode.acc_seg": 76.7425537109375, "aux.loss_ce": 0.013793386891484261, "aux.acc_seg": 74.9847412109375, "time": 0.34216058254241943, "iter": 1000, "memory": 3774, "step": 1000}
{"lr": 0.009754851877995354, "data_time": 0.011160945892333985, "loss": 0.03659411668777466, "decode.loss_ce": 0.025333739165216685, "decode.acc_seg": 93.267822265625, "aux.loss_ce": 0.01126037803478539, "aux.acc_seg": 93.5089111328125, "time": 0.3301899194717407, "iter": 1100, "memory": 3774, "step": 1100}
{"lr": 0.009732511300541468, "data_time": 0.010930681228637695, "loss": 0.04657696038484573, "decode.loss_ce": 0.03224113266915083, "decode.acc_seg": 82.8887939453125, "aux.loss_ce": 0.014335827529430389, "aux.acc_seg": 80.523681640625, "time": 0.33858437538146974, "iter": 1200, "memory": 3774, "step": 1200}
{"aAcc": 89.93, "mIoU": 55.88, "mAcc": 62.01, "data_time": 0.006168047587076823, "time": 0.23483041922251383, "step": 1200}
{"lr": 0.009710164964458045, "data_time": 0.01275043487548828, "loss": 0.03974448088556528, "decode.loss_ce": 0.028139126393944024, "decode.acc_seg": 73.0560302734375, "aux.loss_ce": 0.011605354817584157, "aux.acc_seg": 69.0826416015625, "time": 0.35643973350524905, "iter": 1300, "memory": 3774, "step": 1300}
{"lr": 0.009687812853374727, "data_time": 0.010388565063476563, "loss": 0.044116261415183544, "decode.loss_ce": 0.031136878579854966, "decode.acc_seg": 73.9471435546875, "aux.loss_ce": 0.012979383021593094, "aux.acc_seg": 73.7274169921875, "time": 0.322337007522583, "iter": 1400, "memory": 3774, "step": 1400}
{"lr": 0.009665454950832103, "data_time": 0.011098027229309082, "loss": 0.05341327339410782, "decode.loss_ce": 0.03786402260884643, "decode.acc_seg": 75.9765625, "aux.loss_ce": 0.015549250598996877, "aux.acc_seg": 73.4771728515625, "time": 0.3379519939422607, "iter": 1500, "memory": 3774, "step": 1500}
{"lr": 0.009643091240280942, "data_time": 0.00896923542022705, "loss": 0.03981448039412498, "decode.loss_ce": 0.027299751155078412, "decode.acc_seg": 83.697509765625, "aux.loss_ce": 0.012514728959649802, "aux.acc_seg": 84.8724365234375, "time": 0.2990808725357056, "iter": 1600, "memory": 3774, "step": 1600}
{"aAcc": 88.21, "mIoU": 53.38, "mAcc": 64.18, "data_time": 0.006140291690826416, "time": 0.2126022775967916, "step": 1600}
{"lr": 0.009620721705081534, "data_time": 0.009105682373046875, "loss": 0.0439868550747633, "decode.loss_ce": 0.0314296942204237, "decode.acc_seg": 77.508544921875, "aux.loss_ce": 0.012557160574942827, "aux.acc_seg": 76.3275146484375, "time": 0.29569432735443113, "iter": 1700, "memory": 3774, "step": 1700}
{"lr": 0.009598346328502901, "data_time": 0.011145234107971191, "loss": 0.03567580953240394, "decode.loss_ce": 0.024669090565294028, "decode.acc_seg": 85.3302001953125, "aux.loss_ce": 0.011006719153374433, "aux.acc_seg": 82.92236328125, "time": 0.33457658290863035, "iter": 1800, "memory": 3774, "step": 1800}
{"lr": 0.009575965093722064, "data_time": 0.012350893020629883, "loss": 0.03646626900881529, "decode.loss_ce": 0.025978857092559336, "decode.acc_seg": 86.0870361328125, "aux.loss_ce": 0.010487411729991436, "aux.acc_seg": 87.7532958984375, "time": 0.32952070236206055, "iter": 1900, "memory": 3774, "step": 1900}
{"lr": 0.009553577983823325, "data_time": 0.010911321640014649, "loss": 0.031919198110699654, "decode.loss_ce": 0.022124646697193384, "decode.acc_seg": 90.2313232421875, "aux.loss_ce": 0.009794551599770784, "aux.acc_seg": 85.711669921875, "time": 0.3269424676895142, "iter": 2000, "memory": 3774, "step": 2000}
{"aAcc": 89.26, "mIoU": 56.14, "mAcc": 62.41, "data_time": 0.006263613700866699, "time": 0.22678021589914957, "step": 2000}
{"lr": 0.0095311849817975, "data_time": 0.01079719066619873, "loss": 0.037856093049049376, "decode.loss_ce": 0.02628014301881194, "decode.acc_seg": 81.951904296875, "aux.loss_ce": 0.011575949983671308, "aux.acc_seg": 83.111572265625, "time": 0.3298703670501709, "iter": 2100, "memory": 3774, "step": 2100}
{"lr": 0.009508786070541123, "data_time": 0.010231328010559083, "loss": 0.03691513389348984, "decode.loss_ce": 0.025570132397115232, "decode.acc_seg": 94.6319580078125, "aux.loss_ce": 0.011345001263543963, "aux.acc_seg": 94.287109375, "time": 0.32880449295043945, "iter": 2200, "memory": 3774, "step": 2200}
{"lr": 0.009486381232855704, "data_time": 0.010663127899169922, "loss": 0.03981708325445652, "decode.loss_ce": 0.028339527454227208, "decode.acc_seg": 93.0755615234375, "aux.loss_ce": 0.01147755584679544, "aux.acc_seg": 91.851806640625, "time": 0.3300898790359497, "iter": 2300, "memory": 3774,