{"lr": 2.5863685344827587e-05, "data_time": 0.25561137199401857, "loss": 2.732517051696777, "loss_cls": 2.03894784450531, "loss_bbox": 0.6935692310333252, "time": 0.6102478504180908, "epoch": 1, "iter": 5, "memory": 1558, "step": 5}
{"lr": 6.465640086206897e-05, "data_time": 0.18942910974675958, "loss": 2.7590896866538306, "loss_cls": 2.0760547031055796, "loss_bbox": 0.6830350106412714, "time": 0.4849744276566939, "epoch": 2, "iter": 11, "memory": 1528, "step": 11}
{"lr": 0.00010344911637931034, "data_time": 0.16675367074854233, "loss": 2.775995030122645, "loss_cls": 2.1027908465441536, "loss_bbox": 0.673204218640047, "time": 0.44449636515449076, "epoch": 3, "iter": 17, "memory": 1528, "step": 17}
{"lr": 0.00014224183189655168, "data_time": 0.16284454387167227, "loss": 2.8029010503188423, "loss_cls": 2.149236637613048, "loss_bbox": 0.6536644386208575, "time": 0.4309600954470427, "epoch": 4, "iter": 23, "memory": 1546, "step": 23}
{"lr": 0.000181034547413793, "data_time": 0.15897068484076138, "loss": 2.820244994656793, "loss_cls": 2.1836830911965204, "loss_bbox": 0.6365619322349285, "time": 0.4215837511523017, "epoch": 5, "iter": 29, "memory": 1529, "step": 29}
{"lr": 0.0001874999999999999, "data_time": 0.15170183862958636, "loss": 2.8258175100599017, "loss_cls": 2.2049871649060933, "loss_bbox": 0.6208303698471614, "time": 0.4106349263872419, "epoch": 6, "iter": 35, "memory": 1527, "step": 35}
{"lr": 0.0001874999999999999, "data_time": 0.14586228277625107, "loss": 2.8142873019706913, "loss_cls": 2.2091099576252264, "loss_bbox": 0.6051773705133577, "time": 0.40245677203666874, "epoch": 7, "iter": 41, "memory": 1529, "step": 41}
{"lr": 0.0001874999999999999, "data_time": 0.14612204470533005, "loss": 2.7757342876271998, "loss_cls": 2.184810257972555, "loss_bbox": 0.5909240550183236, "time": 0.40147596724489903, "epoch": 8, "iter": 47, "memory": 1529, "step": 47}
{"lr": 0.0001874999999999999, "data_time": 0.12623398303985595, "loss": 2.7057152605056762, "loss_cls": 2.1336948347091673, "loss_bbox": 0.5720204448699951, "time": 0.3691833782196045, "epoch": 9, "iter": 53, "memory": 1530, "step": 53}
{"lr": 0.0001874999999999999, "data_time": 0.1272883939743042, "loss": 2.592680563926697, "loss_cls": 2.0535805320739744, "loss_bbox": 0.5391000515222549, "time": 0.3697744703292847, "epoch": 10, "iter": 59, "memory": 1533, "step": 59}
{"coco/bbox_mAP": 0.527, "coco/bbox_mAP_50": 0.697, "coco/bbox_mAP_75": 0.617, "coco/bbox_mAP_s": 0.0, "coco/bbox_mAP_m": 0.273, "coco/bbox_mAP_l": 0.64, "data_time": 0.012664244725153996, "time": 0.03873876424936148, "step": 10}
{"lr": 0.0001874999999999999, "data_time": 0.1270717477798462, "loss": 2.4271477961540224, "loss_cls": 1.9249365413188935, "loss_bbox": 0.5022112667560578, "time": 0.3744602918624878, "epoch": 11, "iter": 65, "memory": 1532, "step": 65}
{"lr": 0.0001874999999999999, "data_time": 0.12459308624267579, "loss": 2.2591205286979674, "loss_cls": 1.7823613321781158, "loss_bbox": 0.47675920724868776, "time": 0.37107746124267577, "epoch": 12, "iter": 71, "memory": 1530, "step": 71}
{"lr": 0.0001874999999999999, "data_time": 0.12189548969268799, "loss": 2.0341257536411286, "loss_cls": 1.590405678153038, "loss_bbox": 0.4437200862169266, "time": 0.36877305507659913, "epoch": 13, "iter": 77, "memory": 1527, "step": 77}
{"lr": 0.0001874999999999999, "data_time": 0.12502520084381102, "loss": 1.7959147942066194, "loss_cls": 1.3824186897277833, "loss_bbox": 0.4134961134195328, "time": 0.37349542617797854, "epoch": 14, "iter": 83, "memory": 1528, "step": 83}
{"lr": 0.0001874999999999999, "data_time": 0.125014328956604, "loss": 1.5680900692939759, "loss_cls": 1.1823110139369966, "loss_bbox": 0.3857790610194206, "time": 0.3732291698455811, "epoch": 15, "iter": 89, "memory": 1527, "step": 89}
{"lr": 0.0001874999999999999, "data_time": 0.12198598861694336, "loss": 1.36985107421875, "loss_cls": 1.004292687177658, "loss_bbox": 0.36555838972330096, "time": 0.37027166366577147, "epoch": 16, "iter": 95, "memory": 1529, "step": 95}
{"lr": 0.0001874999999999999, "data_time": 0.12536909103393554, "loss": 1.1956863355636598, "loss_cls": 0.8533468401432037, "loss_bbox": 0.3423394989967346, "time": 0.37386130809783935, "epoch": 17, "iter": 101, "memory": 1530, "step": 101}
{"lr": 0.0001874999999999999, "data_time": 0.1250442361831665, "loss": 1.0596426630020142, "loss_cls": 0.7335813081264496, "loss_bbox": 0.32606135934591296, "time": 0.3738543891906738, "epoch": 18, "iter": 107, "memory": 1528, "step": 107}
{"lr": 0.0001874999999999999, "data_time": 0.12486910820007324, "loss": 0.9739543211460113, "loss_cls": 0.6530290126800538, "loss_bbox": 0.3209253105521202, "time": 0.3689276361465454, "epoch": 19, "iter": 113, "memory": 1550, "step": 113}
{"lr": 0.0001874999999999999, "data_time": 0.12467044830322266, "loss": 0.8900562906265259, "loss_cls": 0.5848030239343643, "loss_bbox": 0.30525326907634737, "time": 0.3692862415313721, "epoch": 20, "iter": 119, "memory": 1534, "step": 119}
{"coco/bbox_mAP": 0.703, "coco/bbox_mAP_50": 0.835, "coco/bbox_mAP_75": 0.779, "coco/bbox_mAP_s": 0.0, "coco/bbox_mAP_m": 0.469, "coco/bbox_mAP_l": 0.807, "data_time": 0.003859826496669224, "time": 0.032388550894601006, "step": 20}
{"lr": 0.00018701210630623673, "data_time": 0.12639594554901123, "loss": 0.8817797648906708, "loss_cls": 0.5825092411041259, "loss_bbox": 0.29927052289247513, "time": 0.37548587799072264, "epoch": 21, "iter": 125, "memory": 1534, "step": 125}
{"lr": 0.00018446526890387004, "data_time": 0.12535871982574462, "loss": 0.8708125507831573, "loss_cls": 0.5739780628681183, "loss_bbox": 0.29683448761701586, "time": 0.3725916910171509, "epoch": 22, "iter": 131, "memory": 1528, "step": 131}
{"lr": 0.00017980014232129403, "data_time": 0.1316137456893921, "loss": 0.8776531136035919, "loss_cls": 0.5815148663520813, "loss_bbox": 0.29613824844360354, "time": 0.3828266668319702, "epoch": 23, "iter": 137, "memory": 1533, "step": 137}
{"lr": 0.00017313159745763925, "data_time": 0.13069807529449462, "loss": 0.8638579106330871, "loss_cls": 0.5746460962295532, "loss_bbox": 0.28921181440353394, "time": 0.3807434225082397, "epoch": 24, "iter": 143, "memory": 1539, "step": 143}
{"lr": 0.00016462383601908038, "data_time": 0.1258230209350586, "loss": 0.842503856420517, "loss_cls": 0.5600152814388275, "loss_bbox": 0.28248857587575915, "time": 0.37414404869079587, "epoch": 25, "iter": 149, "memory": 1529, "step": 149}
{"lr": 0.0001544863473278761, "data_time": 0.12562586784362792, "loss": 0.8283445227146149, "loss_cls": 0.5495872205495834, "loss_bbox": 0.27875730365514756, "time": 0.37516759395599364, "epoch": 26, "iter": 155, "memory": 1535, "step": 155}
{"lr": 0.00014296874999999998, "data_time": 0.1283276605606079, "loss": 0.8715688943862915, "loss_cls": 0.5897945129871368, "loss_bbox": 0.28177438527345655, "time": 0.3790824747085571, "epoch": 27, "iter": 161, "memory": 1537, "step": 161}
{"lr": 0.0001303546455063783, "data_time": 0.13006220817565917, "loss": 0.8713787627220154, "loss_cls": 0.5887886011600494, "loss_bbox": 0.28259016513824464, "time": 0.3809596300125122, "epoch": 28, "iter": 167, "memory": 1537, "step": 167}
{"lr": 0.00011695463496345667, "data_time": 0.12930448055267335, "loss": 0.8314056730270386, "loss_cls": 0.5483910864591599, "loss_bbox": 0.2830145913362503, "time": 0.3776367235183716, "epoch": 29, "iter": 173, "memory": 1533, "step": 173}
{"lr": 0.00010309867110288716, "data_time": 0.12865081787109375, "loss": 0.8215833830833436, "loss_cls": 0.5393268150091172, "loss_bbox": 0.28225657165050505, "time": 0.3768788814544678, "epoch": 30, "iter": 179, "memory": 1532, "step": 179}
{"coco/bbox_mAP": 0.707, "coco/bbox_mAP_50": 0.822, "coco/bbox_mAP_75": 0.794, "coco/bbox_mAP_s": 0.0, "coco/bbox_mAP_m": 0.48, "coco/bbox_mAP_l": 0.81, "data_time": 0.00375328745160784, "time": 0.03115652288709368, "step": 30}
{"lr": 8.912793374022463e-05, "data_time": 0.12465753555297851, "loss": 0.7950542092323303, "loss_cls": 0.5126452571153641,