{"accuracy/top1": 93.41216278076172, "accuracy/top5": 99.49324798583984, "data_time": 0.0037672777433653136, "time": 0.018111088791409054}